Workbook

Sheet Assumptions
A1: Parameter | B1: Value | C1: Source
A2: COEX REVENUE (as registered CRP)
A3: CDS refund per container | B3: 0.1 | C3: Passed to sorter — net $0 to platform
A4: Handling fee per container (depot rate) | B4: 0.0768 | C4: COEX SEQ 2025 — YOU KEEP THIS
A6: SCRAP MATERIAL VALUE
A7: Aluminium scrap $/kg | B7: 1.2 | C7: BNE Copper Recycling April 2026
A8: PET scrap $/kg | B8: 0.6 | C8: Domestic recycler rate
A9: Glass scrap $/kg | B9: 0.08 | C9: Low value — heavy
A10: Aluminium can weight (g) | B10: 14 | C10: Standard 375ml
A11: PET bottle weight (g) | B11: 25 | C11: Standard 600ml
A12: Glass bottle weight (g) | B12: 200 | C12: Standard stubby
A13: Scrap value per aluminium can | B13: =B9*B6/1000 | C13: 14g × $1.20/kg
A14: Scrap value per PET bottle | B14: =B10*B7/1000 | C14: 25g × $0.60/kg
A15: Scrap value per glass bottle | B15: =B11*B8/1000 | C15: 200g × $0.08/kg
A17: BIN COMPOSITION ASSUMPTIONS
A18: % Aluminium in residential bin | B18: 0.55 | C18: Cans dominate in houses
A19: % PET in residential bin | B19: 0.3 | C19: Water + soft drink bottles
A20: % Glass in residential bin | B20: 0.12 | C20: Beer stubbies, wine
A21: % Other in residential bin | B21: 0.03 | C21: Cartons, poppers
A22: Blended scrap value per container | B22: =B17*B12+B18*B13+B19*B14+B20*0.005 | C22: Weighted average
A23: TOTAL revenue per container (kept) | B23: =B3+B21 | C23: Handling fee + scrap
A25: COLLECTION COSTS
A26: Fuel cost per km | B26: 0.21 | C26: ULP $2.30/L April 2026
A27: Round trip circuit (5 houses + depot) | B27: 10 | C27: Moorooka area + Yeerongpilly
A28: Fuel per collection run | B28: =B25*B26 | C28: Derived
A29: Your time per run (minutes) | B29: 50 | C29: Drive+pickup+depot+process
A30: Your time value per hour | B30: 30 | C30: Opportunity cost
A31: Time cost per run | B31: =B28/60*B29 | C31: Derived
A32: TOTAL cost per collection run | B32: =B27+B30 | C32: Fuel + time
A34: BREAK EVEN PER RUN
A35: Containers needed (fuel only) | B35: =CEILING(B27/B22,1) | C35: Just covering petrol
A36: Containers needed (fuel + time) | B36: =CEILING(B31/B22,1) | C36: Covering your time too
A37: Containers per bin needed (5 bins) | B37: =CEILING(B34/5,1) | C37: Each bin must have this many

Sheet When To Collect
A1: Scenario | B1: Bin 1 | C1: Bin 2 | D1: Bin 3 | E1: Bin 4 | F1: Bin 5 | G1: Total Cans | H1: Revenue (kept) | I1: Cost (run) | J1: Profit/Loss
A2: Nearly empty (10 each) | B2: 10 | C2: 10 | D2: 10 | E2: 10 | F2: 10 | G2: =SUM(B2:F2) | H2: =G2*Assumptions!B22 | I2: =Assumptions!B31 | J2: =H2-I2
A3: Barely started (20 each) | B3: 20 | C3: 20 | D3: 20 | E3: 20 | F3: 20 | G3: =SUM(B3:F3) | H3: =G3*Assumptions!B22 | I3: =Assumptions!B31 | J3: =H3-I3
A4: Building up (40 each) | B4: 40 | C4: 40 | D4: 40 | E4: 40 | F4: 40 | G4: =SUM(B4:F4) | H4: =G4*Assumptions!B22 | I4: =Assumptions!B31 | J4: =H4-I4
A5: Break even - fuel only (2 each) | B5: 2 | C5: 2 | D5: 2 | E5: 2 | F5: 2 | G5: =SUM(B5:F5) | H5: =G5*Assumptions!B22 | I5: =Assumptions!B31 | J5: =H5-I5
A6: BREAK EVEN - fuel+time | B6: 61 | C6: 61 | D6: 61 | E6: 61 | F6: 61 | G6: =SUM(B6:F6) | H6: =G6*Assumptions!B22 | I6: =Assumptions!B31 | J6: =H6-I6
A7: One bin hot, rest cold | B7: 200 | C7: 20 | D7: 20 | E7: 10 | F7: 10 | G7: =SUM(B7:F7) | H7: =G7*Assumptions!B22 | I7: =Assumptions!B31 | J7: =H7-I7
A8: Two bins hot | B8: 150 | C8: 120 | D8: 30 | E8: 20 | F8: 10 | G8: =SUM(B8:F8) | H8: =G8*Assumptions!B22 | I8: =Assumptions!B31 | J8: =H8-I8
A9: All bins moderate | B9: 80 | C9: 80 | D9: 80 | E9: 80 | F9: 80 | G9: =SUM(B9:F9) | H9: =G9*Assumptions!B22 | I9: =Assumptions!B31 | J9: =H9-I9
A10: All bins busy | B10: 150 | C10: 150 | D10: 150 | E10: 150 | F10: 150 | G10: =SUM(B10:F10) | H10: =G10*Assumptions!B22 | I10: =Assumptions!B31 | J10: =H10-I10
A11: Full bags (300 each) | B11: 300 | C11: 300 | D11: 300 | E11: 300 | F11: 300 | G11: =SUM(B11:F11) | H11: =G11*Assumptions!B22 | I11: =Assumptions!B31 | J11: =H11-I11
B12: 0 | C12: 0 | D12: 0 | E12: 0 | F12: 0 | G12: =SUM(B12:F12) | H12: =G12*Assumptions!B22 | I12: =Assumptions!B31 | J12: =H12-I12
A13: REALISTIC WEEK 4 | B13: 40 | C13: 35 | D13: 25 | E13: 20 | F13: 15 | G13: =SUM(B13:F13) | H13: =G13*Assumptions!B22 | I13: =Assumptions!B31 | J13: =H13-I13
A14: REALISTIC WEEK 8 | B14: 70 | C14: 60 | D14: 50 | E14: 40 | F14: 30 | G14: =SUM(B14:F14) | H14: =G14*Assumptions!B22 | I14: =Assumptions!B31 | J14: =H14-I14
A15: REALISTIC WEEK 12 | B15: 100 | C15: 90 | D15: 80 | E15: 60 | F15: 50 | G15: =SUM(B15:F15) | H15: =G15*Assumptions!B22 | I15: =Assumptions!B31 | J15: =H15-I15
A16: REALISTIC WEEK 24 | B16: 150 | C16: 130 | D16: 120 | E16: 100 | F16: 80 | G16: =SUM(B16:F16) | H16: =G16*Assumptions!B22 | I16: =Assumptions!B31 | J16: =H16-I16

Sheet Wait vs Collect
A1: Question | B1: Answer | C1: Insight
A2: HOW LONG TO WAIT?
A3: If bins fill at 10/week each | B3: =CEILING(Assumptions!B35*5/50,1) | C3: Weeks until all bins have enough
A4: If bins fill at 20/week each | B4: =CEILING(Assumptions!B35*5/100,1) | C4: Faster adoption
A5: If bins fill at 40/week each | B5: =CEILING(Assumptions!B35*5/200,1) | C5: Good adoption
A7: OPTIMAL STRATEGY
A8: Collect when total across 5 bins hits | B8: =Assumptions!B34 | C8: This is your trigger number
A9: Revenue from that run | B9: =B7*Assumptions!B22 | C9: What you earn
A10: Cost of that run | B10: =Assumptions!B31 | C10: Fuel + your time
A11: Profit from that run | B11: =B8-B9 | C11: Worth doing
A13: COMPOSITION MATTERS
A14: If 100% aluminium (best case) | B14: =Assumptions!B3+Assumptions!B12 | C14: Handling + full scrap value per can
A15: If 100% glass (worst case) | B15: =Assumptions!B3+Assumptions!B14 | C15: Heavy, low scrap but same handling fee
A16: The handling fee is the same regardless | B16: =Assumptions!B3 | C16: 7.68c whether its a can or a bottle
A17: So material mix mainly affects WEIGHT not revenue | C17: More glass = heavier bags, same money
A19: REAL TALK
A20: At $0.092/container you need volume | C20: This is a volume game
A21: 5 bins × 60/week = 300/week = $27.60/week | B21: =5*60*Assumptions!B22 | C21: After costs: ~$0/week (just covers time)
A22: 5 bins × 100/week = 500/week = $46/week | B22: =5*100*Assumptions!B22 | C22: After costs: ~$18/week profit
A23: 5 bins × 150/week = 750/week = $69/week | B23: =5*150*Assumptions!B22 | C23: After costs: ~$41/week profit
A24: To make $500/week you need | B24: =CEILING(500/Assumptions!B22+Assumptions!B34,1) | C24: Containers per week
A25: Thats how many bins @ 100/wk | B25: =CEILING(B24/100,1) | C25: This is the scale target
